text,highlighted
Arbitration is a more informal way to resolve our disagreements than a lawsuit in court.,0
Trademark personalized ads terms of service privacy &amp.,0
"This arbitration provision shall survive termination of this agreement and the termination of your pinterest account. any arbitration will be administered by the american arbitration association (""aaa"") under the consumer arbitration rules then in effect for the aaa, except as provided herein.",0
"Instead, pinterestâs liability will be limited to foreseeable damages arising due to a breach of material contractual obligations typical for this type of contract.",0
You can find their forms at www.adr.org.,0
Pinterest isnât liable for damages that result from a non-material breach of any other applicable duty of care.,0
"If you access any third party website, service, or content from pinterest, you do so at your own risk and you agree that pinterest has no liability arising from your use of or access to any third party website, service, or content.",1
"To do that, we show you things we think will be relevant, interesting and personal to you based on your onsite and offsite activity.",0
"If your claim is for $10,000 or less, we agree that you may choose whether the arbitration will be conducted solely on the basis of documents submitted to the arbitrator, through a telephonic hearing, or by an in-person hearing as established by the aaa rules.",0
"All claims must be brought in the parties' individual capacity, and not as a plaintiff or class member in any purported class or representative proceeding, and, unless we agree otherwise, the arbitrator may not consolidate more than one person's claims.",0
"Governing law and jurisdiction these terms shall be governed by the laws of the state of california, without respect to its conflict of laws principles.",0
In no event shall pinterest's aggregate liability for all claims relating to the service exceed one hundred u.s.,0
"Indemnity if you use pinterest for commercial purposes (i.e., you are not a consumer) without agreeing to our business terms as required by section 2(c) of these terms, you agree to indemnify and hold harmless pinterest inc, pinterest europe ltd, their affiliates and their&nbsp;respective officers, directors, employees and agents, from and against any claims, suits, proceedings, disputes, demands, liabilities, damages, losses, costs and expenses, including, without limitation, reasonable legal and accounting fees (including costs of defense of claims, suits or proceedings brought by third parties), in any way related to your access to or use of our service, your user content, or&nbsp;your breach of any of these terms. more simply put if we are sued because of something your business does on pinterest, you have to pay our costs.",0
"Don't post porn or spam or be a jerk to other people on pinterest.&nbsp; c. how long we keep your content following termination or deactivation of your account, or if you remove any user content from pinterest, we may keep your user content for a reasonable period of time for backup, archival, or audit purposes.",0
"If pinterest hasnât been able to resolve the dispute with you informally, we each agree to resolve any claim, dispute, or controversy (excluding claims for injunctive or other equitable relief) arising out of or in connection with or relating to these terms through binding arbitration or (for qualifying claims) in small claims court.",1
Cookies more info for businesses for developers for press for investors end of footer â© pinterest 2020,0
"General terms notification procedures and changes to these terms we reserve the right to determine the form and means of providing notifications to you, and you agree to receive legal notices electronically if thatâs what we decide.",0
"Most of that stuff is awesome, but we're not responsible when it's not. 7.",0
Any use or access by anyone under the age of 13 is not allowed.,1
"By accepting your submission, pinterest doesnât waive any rights to use similar or related feedback previously known to pinterest, or developed by its employees, or obtained from sources other than you. more simply put we can use your suggestions to make pinterest better. 4.",0
"If youâre a consumer in the eea, either you or pinterest may assign this agreement, and any rights and licences granted under it, to a third party.",0
"Posting content pinterest allows you to post content, including photos, comments, links, and other materials.",0
Our service pinterest helps you discover and do what you love.,0
"We reserve the right to remove or modify user content, or change the way itâs used in pinterest, for any reason.",1
"(b) any conduct or content of any third party on the service, including without limitation, any defamatory, offensive or illegal conduct of other users or third parties.",1
"If you live outside the united states, these terms are a contract between you and pinterest europe ltd., an irish company with its registered office at palmerston house, 2nd floor, fenian street, dublin 2, ireland. more simply put who you deal with depends on where you live. effective may 1, 2018 pinterest is using cookies to help give you the best experience we can. got it!",0
"No waiver no waiver of any term of these terms shall be deemed a further or continuing waiver of such term or any other term, and pinterest's failure to assert any right or provision under these terms shall not constitute a waiver of such right or provision.",0
"It doesn't matter what time of year it is, that's what's so great!",0
"For more information, please read our copyright policy.&nbsp; more simply put we respect copyrights.",0
Any attempted transfer or assignment in violation hereof shall be null and void.,1
"To the extent any claim, dispute or controversy regarding pinterest or our service isnât arbitrable under applicable laws or otherwise: you and pinterest both agree that any claim or dispute regarding pinterest will be resolved exclusively in accordance with section 12 of these terms. if you're a consumer in the eea, section 11 doesn't apply to you.&nbsp; &nbsp; 12.",0
"If you donât agree to the new terms, please stop using pinterest. more simply put if we're making a big change to the terms, we'll let you know.",0
"Using pinterest may include downloading software to your computer, phone, tablet, or other device.",0
"Copies of content shared with others may remain even after you delete the content from your account. &nbsp; d. feedback you provide we value hearing from our users, and are always interested in learning about ways we can make pinterest more awesome.",0
"If you are a consumer in the eea, you can sue us in your home courts. &nbsp; 13.",0
"If you are not a consumer in the eea, the exclusive place of jurisdiction for all disputes arising from or in connection with this agreement is san francisco county, california, or the united states district court for the northern district of california and our dispute will be determined under california law. if you are a consumer in the eea, this wonât deprive you of any protection you have under the law of the country where you live and access to the courts in that country.&nbsp; &nbsp; more simply put the bay area is beautiful this time of year.",0
"You agree that, by agreeing to these terms of service, the u.s. federal arbitration act governs the interpretation and enforcement of this provision, and that you and pinterest are each waiving the right to a trial by jury or to participate in a class action.",0
More simply put you can help us fight spammers by keeping these security tips in mind. 6.,0
"This limitation of liability wonât apply to any statutory liability that cannot be limited, to liability for death or personal injury caused by our negligence or willful misconduct, or if and to exclude our responsibility for something we have specifically promised to you. &nbsp; more simply put we are building the best service we can for you but we can't promise it will be perfect.",0
Copyright policy pinterest has adopted and implemented the pinterest copyright policy in accordance with the digital millennium copyright act and other applicable copyright laws.,0
"Pinterest and its users may retain and continue to use, store, display, reproduce, re-pin, modify, create derivative works, perform, and distribute any of your user content that other users have stored or shared on pinterest.",1
More simply put pinterest has links to content off of pinterest.,0
"In case of such an assignment by pinterest, you are entitled to terminate the agreement with immediate effect by deactivating your account.",0
"While we work to protect the security of your content and account, pinterest canât guarantee that unauthorized third parties wonât be able to defeat our security measures.",1
We ask that you keep your password secure.,1
Pinterest takes no responsibility and assumes no liability for any user content that you or any other person or third party posts or sends using our service.,1
"If we need to contact you, we will do so at the email address on your pinterest account.",1
"Arbitration for any dispute you have with pinterest, you agree to first contact us and try to resolve the dispute with us informally.",0
"Or (c) unauthorized access, use or alteration of your transmissions or content.",1
"The arbitrator has exclusive authority to resolve any dispute relating to the interpretation, applicability, or enforceability of this binding arbitration agreement.",0
"These terms of service (""terms"") govern your access to and use of the pinterest website, apps, apis, and widgets (âpinterestâ or the âserviceâ).",0
"By accessing or using pinterest, you agree to be bound by these terms, our privacy policy, our cookies policy and our community guidelines. more simply put every company has its terms.",0
"Who can use pinterest you may use pinterest only if you can legally form a binding contract with pinterest, and only in compliance with these terms and all applicable laws.",0
"Also, you should have created a business account and agreed to our business terms in the first place. 9.",0
You canât use pinterest if it would be prohibited by u.s. sanctions.,0
Using pinterest a.,0
Security we care about the security of our users.,0
"How pinterest and other users can use your content you grant pinterest and our users a non-exclusive, royalty-free, transferable, sublicensable, worldwide license to use, store, display, reproduce, save, modify, create derivative works, perform, and distribute your user content on pinterest solely for the purposes of operating, developing, providing, and using pinterest.",0
"You should, too. 5.",0
"Third party links, sites, and services pinterest may contain links to third party websites, advertisers, services, special offers, or other events or activities that are not owned or controlled by pinterest.",0
"This includes user content that we believe violates these terms, our community guidelines, or any other policies.",1
"More simply put if you choose to post content, you give us permission to use it to provide and improve pinterest.",0
As part of our service we try to ensure that even promoted content is relevant and interesting to you.,0
"You agree that we may automatically update that software, and these terms will apply to any updates. b.",0
"Disclaimers our service and all content on pinterest is provided on an ""as is"" basis without warranty of any kind, whether express or implied. pinterest specifically disclaims any and all warranties and conditions of merchantability, fitness for a particular purpose, and non-infringement, and any warranties arising out of course of dealing or usage of trade.",0
These are ours. 1.,0
"You retain all rights in, and are solely responsible for, the user content you post to pinterest. more simply put if you post your content on pinterest, it still belongs to you. b.",0
"If you choose to submit comments, ideas or feedback, you agree that we are free to use them without any restriction or compensation to you.",0
"Regardless of the manner in which the arbitration is conducted, the arbitrator shall issue a reasoned written decision explaining the essential findings and conclusions on which the award is based, and any judgment on the award rendered by the arbitrator may be entered in any court of competent jurisdiction.",0
"If a revision, in our discretion, is material, weâll notify you.",1
"If you see bad stuff, please report it to us here.&nbsp; 10.",0
Some of the things we show you are promoted by advertisers.,0
"Parties if you live in the united states, these terms are a contract between you and pinterest inc., 651 brannan street, san francisco, ca 94103.",0
"Also, if you are using pinterest for work, you need to set up a business account. 3.",0
We take that kind of thing seriously but you still might run into it before we have a chance to take it down.,0
You can identify promoted content because it will be clearly labelled. more simply put pinterest helps you discover and do what you love.,0
Itâs customized to you.,0
We may revise these terms from time to time and the most current version will always be posted on our website.,1
"Anything that you post or otherwise make available on pinterest is referred to as ""user content.""",0
"Limitation of liability to the maximum extent permitted by law, pinterest shall not be liable for any indirect, incidental, special, consequential or punitive damages, or any loss of profits or revenues, whether incurred directly or indirectly, or any loss of data, use, goodwill, or other intangible losses, resulting from (a) your access to or use of or inability to access or use the service.",0
"Pinterest will provide you with reasonable notice of any such assignment. entire agreement/severability these terms, together with the privacy policy and any amendments and any additional agreements you may enter into with pinterest shall constitute the entire agreement between you and pinterest concerning the service.",0
"If youâre based in the eea, you may only use pinterest if you are over the age at which you can provide consent to data processing under the laws of your country.",0
"If you donât like the new terms, please stop using pinterest. assignment these terms, and any rights and licenses granted hereunder, may not be transferred or assigned by you, but may be assigned by pinterest without restriction.",0
"Please read these terms carefully, and contact us if you have any questions.",0
"Each party will be responsible for paying any aaa filing, administrative and arbitrator fees in accordance with aaa rules, except that pinterest will pay for your reasonable filing, administrative, and arbitrator fees if your claim for damages does not exceed $75,000 and is non-frivolous (as measured by the standards set forth in federal rule of civil procedure 11(b)).",0
"Nothing in these terms restricts other legal rights pinterest may have to user content, for example under other licenses.",0
"More simply put if you post your content on pinterest, we can show it to people and others can save it.",0
More simply put pinterest is provided to you for free.,0
We need to know what you like to make everything on pinterest relevant to you. 2.,0
"We reserve the right to refuse service to anyone, but we will provide appropriate notice. 8.",0
Skip to main content policy header navigation - actions sign up open menu terms privacy community merchant advertising developers copyright trademark terms privacy community merchant advertising developers copyright trademark terms of service thank you for using pinterest!,0
"If you do open an account for a company, organization, or other entity, then ""you"" includes you and that entity, and you promise that you are authorized to grant all permissions and licenses provided in these terms and bind the entity to these terms, and that you agree to these terms on the entity's behalf. more simply put you cannot use pinterest if you're under 13 (or older in some countries).",0
We're not liable for various things.,0
"If you think we are, let's try to work it out like adults. 11.",0
"Dollars (u.s. $100.00). if we cause damage to you and you're a consumer in the eea, the above doesnât apply.",0
Skip footer menu select language english (us) bahasa indonesia bahasa malaysia äeå¡tina dansk deutsch english (uk) espaã±ol franã§ais italiano magyar nederlands norsk bokmã¥l polski portuguãªs (brasil) portuguãªs (europeu) romã¢nä slovenäina suomi svenska filipino tiáº¿ng viá»t tã¼rkã§e îî»î»î·î½î¹îºî¬ ð ñññðºð¸ð¹ ð£ðºñð°ñð½ññðºð° à¤¹à¤¿à¤¨à¥à¤¦à¥ à¸ à¸²à¸©à¸²à¹à¸à¸¢ íêµ­ì´ æ¥æ¬èª ç®ä½ä¸­æ ç¹é«ä¸­æ ø§ùø¹ø±ø¨ùø© à¦¬à¦¾à¦à¦²à¦¾ à°¤à±à°²à±à°à± about us impressum what's pinterest our pinterest page engineering blog brand guidelines careers help center pinterest labs our policies copyright &amp.,0
"You agree that, by entering into these terms, you and pinterest are each waiving the right to a trial by jury or to participate in a class action. nothing in these terms of service&nbsp;shall affect any non-waivable statutory rights that apply to you.",0
"Upon termination, you continue to be bound by sections 3 and 8 of these terms.",1
Termination pinterest may terminate or suspend your right to access or use pinterest for any reason on appropriate notice.,0
"For instance, arbitration uses a neutral arbitrator instead of a judge or jury, involves more limited discovery, and is subject to very limited review by courts.",0
"Anyway, you'll have to sue us here.&nbsp; in the eea, this applies if you're a merchant, but not if you're a consumer.",0
"When you create your pinterest account, you must provide us with accurate and complete information.",0
"Although the process is more informal, arbitrators can award the same damages and relief that a court can award.",0
Your content a.,0
"To provide our service, we need to be able to identify you and your interests.",0
"Our license to you subject to these terms and our policies (including our community guidelines), we grant you a limited, non-exclusive, non-transferable, and revocable license to use our service. c. commercial use of pinterest if you want to use pinterest for commercial purposes you must create a business account and agree to our business terms of service.",0
"We donât endorse or assume any responsibility for any such third party sites, information, materials, products, or services.",1
"If your claim exceeds $10,000, the right to a hearing will be determined by the aaa rules.",0
"By continuing to access or use pinterest after revisions become effective, you agree&nbsp;to be bound by the new terms.",0
"If any provision of these terms is deemed invalid, then that provision will be limited or eliminated to the minimum extent necessary, and the remaining provisions of these terms will remain in full force and effect.",1
"We may terminate or suspend your access immediately and without notice if we have a good reason, including any violation of our community guidelines.",1
"Unless you and pinterest agree otherwise, the arbitration will be conducted in the county (or parish) where you reside.",0
"You understand and agree that you may be exposed to user content thatâs inaccurate, objectionable, inappropriate for children, or otherwise unsuited to your purpose. if you're a consumer in the eea, we donât exclude or limit any liability for gross negligence, intent, or death or personal injury caused by our negligence or willful misconduct.&nbsp; &nbsp; more simply put unfortunately, people post bad stuff on services like pinterest.",0
Please notify us immediately of any compromise or unauthorized use of your account.,1
"Nothing in this section shall prevent either party from seeking injunctive or other equitable relief from the courts, including for matters related to data security, intellectual property or unauthorized access to the service.",0
