"I understand that my instructions let credit karma and affiliated companies obtain such information at any time for as long as i have a registered credit karma account to use as described in the terms of service and privacy state as described in our privacy statement, we may use your credit report, credit score, and other information we obtain to analyze, sort, and present certain information or features to you. as described in our privacy statement, we may use your credit report, credit score, and other information we obtain to analyze, sort, and present certain information or features to you."
"We might show you stuff from other companies or even connect you with them, but weâre not legally responsible for anything they do you will defend (if requested by any credit karma party), indemnify, and hold harmless the credit karma parties from and against any and all claims, losses, expenses, demands, or liabilities, including attorneysâ fees and costs, incurred by the credit karma parties in connection with any claim by a third party arising out of or in any way related to: (1) your use of our services, our content or the community content."
"</p i understand that i am providing written instructions in accordance with the fair credit reporting act and other applicable law for credit karma or its affiliated companies to request and receive copies of consumer reports, scores and other information about me from third parties, including, but not limited to, transunion and equifax."
(2) your violation or alleged violation of the agreement or your violation or alleged violation of any applicable law you and credit karma are each waiving the right to a trial by jury or to participate in a class action.
"These terms of service include an agreement to resolve any disputes through binding arbitration we reserve the right in our sole and absolute discretion to make changes to how we operate and provide our services, including adding new services, modifying existing services, or suspending, discontinuing, or terminating your access to any or all portions of our services."
"If you decide to register, youâre pinky swearing that youâre a u.s. adult, you are who you say you are and you wonât let anyone else use your account."
"We do not guarantee that the information we present as part of our services, including credit report or credit score information, is the same information that may be used or reviewed by a third party to assess your creditworthiness or eligibility for any particular product or service or for employment."
"Your interactions and business dealings with the providers of the third party content or third party services, including products or services offered by such third parties, are solely between you and the third party."
You must comply with all applicable laws when using our services.
"We do not control, maintain, or endorse the third party content or third party services, and we are not responsible or liable for any third party content or third party services, including any damages, losses, failures, or problems caused by, related to, or arising from third party content or third party services."
We are not responsible for any information that you agree to share with third parties in connection with third party content or third party services.
"Summary we might show you stuff from other companies or even connect you with them, but weâre not legally responsible for anything they do."
"We might show you stuff from other companies or even connect you with them, but weâre not legally responsible for anything they do."
You should review their terms and policies separately.
"Effective date: may 21, 2021 effective date: may 21, 2021 these terms of service include an agreement to resolve any disputes through binding arbitration that includes a class action waiver, as well as important disclaimers, warranties and limitations on liability. these terms of service include an agreement to resolve any disputes through binding arbitration that includes a class action waiver, as well as important disclaimers, warranties and limitations on liability."
You are responsible for all activities that occur under your member account.
"You must keep your password confidential, you must not share it and you may not allow anyone else to log into our services as you."
"You are 18 years of age or older you are 18 years of age or older you are 18 years of age or older you must keep your password confidential, you must not share it and you may not allow anyone else to log into our services as you."
