"We may terminate your use or participation in the site or delete your account and any content or information that you posted at any time, without warning, in our sole discretion."
"If we terminate or suspend your account for any reason, you are prohibited from registering and creating a new account under your name, a fake or borrowed name, your email address or the name of any third party, even if you may be acting on behalf of the third party."
"To the fullest extent permitted by law, we disclaim all warranties, express or implied, in connection with the site and your use thereof, including, without limitation, the implied warranties of merchantability, fitness for a particular purpose, and non-infringement."
"Please review our data privacy policy (gdpr) as to data collection and processing for all users please review our data privacy policy (gdpr) as to data collection and processing for all users (6) you will not access the site through automated or non-human means, whether through a bot, script, or otherwise."
The site is provided on an as-is and as-available basis.
Our failure to exercise or enforce any right or provision of these terms of service shall not operate as a waiver of such right or provision.
"In addition to terminating or suspending your account, we reserve the right to take appropriate legal action, including without limitation pursuing civil, criminal, and injunctive redress."
"In no event will we or our directors, employees, or agents be liable to you or any third party for any direct, indirect, consequential, exemplary, incidental, special, or punitive damages, including lost profit, lost revenue, loss of data, or other damages arising from your use of the site, even if we have been advised of the possibility of such damages."
"You will be subject to, and will be deemed to have been made aware of and to have accepted, the changes in any revised terms of service by your continued use of the site after the date such revised terms of service are posted."
"(6) you will not access the site through automated or non-human means, whether through a bot, script, or otherwise."
You agree to absolutely and unconditionally waive any and all rights to participate in or to be included in any class action lawsuits you agree to absolutely and unconditionally waive any and all rights to participate in or to be included in any class action lawsuits the site is provided on an as-is and as-available basis.
"We make no warranties or representations about the accuracy or completeness of the siteâs content or the content of any websites linked to the site and we will assume no liability or responsibility for any (1) errors, mistakes, or inaccuracies of content and materials, we make no warranties or representations about the accuracy or completeness of the siteâs content or the content of any websites linked to the site and we will assume no liability or responsibility for any (1) errors, mistakes, or inaccuracies of content and materials, in no event will we or our directors, employees, or agents be liable to you or any third party for any direct, indirect, consequential, exemplary, incidental, special, or punitive damages, including lost profit, lost revenue, loss of data, or other damages arising from your use of the site, even if we have been advised of the possibility of such damages."
"We reserve the right to, in our sole discretion and without notice or liability, deny access to and use of the site (including blocking certain email and/or ip addresses), to any person for any reason or for no reason we reserve the right to, in our sole discretion and without notice or liability, deny access to and use of the site (including blocking certain email and/or ip addresses), to any person for any reason or for no reason we may terminate your use or participation in the site or delete your account and any content or information that you posted at any time, without warning, in our sole discretion."
"If any provision or part of a provision of these terms of service is determined to be unlawful, void, or unenforceable, that provision or part of the provision is deemed severable from these terms of service and does not affect the validity and enforceability of any remaining provisions."
