"Use license permission is granted to temporarily download one copy of the materials (information or software) available from the services for personal, non-commercial transitory viewing only."
"And (8) content that offers, promotes, advertises or provides links to unsolicited products or services. (7) content that offers, promotes, advertises, or provides links to posting or auto-posting products or services, account creation or auto-creation products or services, flagging or auto-flagging products or services, bulk telephone numbers, or any other product or service that if utilized with respect to our sites and services would violate these tou or our other legal rights."
"(7) content that offers, promotes, advertises, or provides links to posting or auto-posting products or services, account creation or auto-creation products or services, flagging or auto-flagging products or services, bulk telephone numbers, or any other product or service that if utilized with respect to our sites and services would violate these tou or our other legal rights."
"Kc online media, llc does not warrant that any of the materials on its website are accurate, complete or current."
"In no event shall kc online media, llc or its suppliers be liable for any damages (including, without limitation, damages for loss of data or profit, or due to business interruption) arising out of the use or inability to use the materials on the services, even if kc online media, llc or a kc online media, llc authorized representative has been notified orally or in writing of the possibility of such damage."
"Further, kc online media, llc does not warrant or make any representations concerning the accuracy, likely results, or reliability of the use of the materials on the services or otherwise relating to such materials or on any sites linked to from the services."
"Kc online media, llc may revise these terms of service for its website at any time without notice."
Content prohibited from our sites and services includes but is not limited to: (1) illegal content.
"(3) offensive content (including, without limitation, court ordered defamatory statements, threatening, hateful or pornographic content)."
"You are also responsible for any content that you post or transmit and, if you create an account, you are responsible for all content posted or transmitted through or by use of your account. you are also responsible for any content that you post or transmit and, if you create an account, you are responsible for all content posted or transmitted through or by use of your account."
"Kc online media, llc makes no warranties, expressed or implied, and hereby disclaims and negates all other warranties including, without limitation, implied warranties or conditions of merchantability, fitness for a particular purpose, or non-infringement of intellectual property or other violation of rights. kc online media, llc makes no warranties, expressed or implied, and hereby disclaims and negates all other warranties including, without limitation, implied warranties or conditions of merchantability, fitness for a particular purpose, or non-infringement of intellectual property or other violation of rights."
"Further, kc online media, llc does not warrant or make any representations concerning the accuracy, likely results, or reliability of the use of the materials on the services in no event shall kc online media, llc or its suppliers be liable for any damages (including, without limitation, damages for loss of data or profit, or due to business interruption) arising out of the use or inability to use the materials on the services, even if kc online media, llc or a kc online media, llc authorized representative has been notified orally or in writing of the possibility of such damage."
By using this website you are agreeing to be bound by the then current version of these terms of service. by using this website you are agreeing to be bound by the then current version of these terms of service.
"The materials appearing on the services could include technical, typographical, or photographic errors."
"(6) malicious content (including, without limitation, malware or spyware)."
"You automatically grant and assign to us, and you represent and warrant that you have the right to grant and assign to us, a perpetual, you automatically grant and assign to us, and you represent and warrant that you have the right to grant and assign to us, a perpetual, fully sub-licensable (through multiple tiers), worldwide license fully sub-licensable (through multiple tiers), worldwide license these terms and conditions are governed by and construed in accordance with the laws of pennsylvania and you irrevocably submit to the exclusive jurisdiction of the courts in that state or location. these terms and conditions are governed by and construed in accordance with the laws of pennsylvania and you irrevocably submit to the exclusive jurisdiction of the courts in that state or location."
The materials on the services are provided on an âas isâ basis.
"In our sole discretion, we may disable and/or terminate the accounts of users who repeatedly infringe or are repeatedly charged with infringing the copyrights or other intellectual property rights of others. in our sole discretion, we may disable and/or terminate the accounts of users who repeatedly infringe or are repeatedly charged with infringing the copyrights or other intellectual property rights of others."
"(4) content that discloses anotherâs personal, confidential or proprietary information."
"And (8) content that offers, promotes, advertises or provides links to unsolicited products or services."
